{
    "loss": [
        0.8261717824082657,
        0.5997089608505359,
        0.3314046665621395,
        0.1518281324682229,
        0.0906612841327494
    ],
    "accuracy": [
        0.6251175403594971,
        0.7480431795120239,
        0.8711646795272827,
        0.946568489074707,
        0.9730492234230042
    ]
}