{
    "loss": [
        0.4632581205814248,
        0.3494078730849784,
        0.2209570247775312,
        0.12385618861813918,
        0.0674574504557236
    ],
    "accuracy": [
        0.7736854553222656,
        0.844996452331543,
        0.9097385406494141,
        0.9523250460624695,
        0.9750803112983704
    ]
}