{
    "loss": [
        1.513346752496889,
        1.105726830103406,
        0.7162017794971477,
        0.4251362711002452,
        0.23535896995432853
    ],
    "accuracy": [
        0.37025168538093567,
        0.5824605226516724,
        0.7397046089172363,
        0.8539597988128662,
        0.9220911264419556
    ]
}