{
    "loss": [
        1.694011046507648,
        1.5822104126493508,
        1.4569413283160915,
        1.314469489538781,
        1.1961347327054104
    ],
    "accuracy": [
        0.26910153396639885,
        0.3418553688823959,
        0.4181154127100073,
        0.4870708546384222,
        0.5436084733382031
    ]
}