{
    "loss": [
        1.01860000536992,
        0.9510364471337734,
        0.9142749149065751,
        0.8574776366735116,
        0.7949578630236479
    ],
    "accuracy": [
        0.49898621248986214,
        0.5470397404703974,
        0.5709651257096513,
        0.6167883211678832,
        0.6407137064071371
    ]
}