{
    "loss": [
        0.6698728777185271,
        0.6200061312204674,
        0.576935017410713,
        0.5259383603741851,
        0.5111162270171733
    ],
    "accuracy": [
        0.5741368988225903,
        0.6467770904011175,
        0.6890840151666334,
        0.7299940131710237,
        0.7343843544202754
    ]
}